0.43976251692187085,0.20807137077664614,0.6269249534398744,0.3333333333333333,0.75,0.6827956989247312,0.5,0,1,0,1,0.5
0.10513652364696277,-0.105229985333131,1.2130596208689397,0,0.5,0.507017543859649,0.405982905982906,0.9176470588235294,0,1,0,0.5
-0.029811942375190782,0.29266078619533564,0.5001484647323283,0.6666666666666666,0.25,0.11503623188405798,0.7698744769874477,0.9372549019607843,0,1,1,0.5
0.0660595585783214,0.3843538286181345,0.3763909690540898,0,0,0.984375,0.14814814814814814,0,0,0,1,0.5
0.08682583872215935,0.2580512662101083,0.5466692235620563,0.3333333333333333,0,0.030303030303030203,0.14932126696832576,0,0,0,0,0.5
0.4287323640336646,0.38776975975830424,0.37469079468187605,0.6666666666666666,0.75,0.43798449612403095,0.17991631799163174,0.9372549019607843,0,1,0,0.5
-0.19799455114815542,0.12772371621154072,0.7605917293443958,0,0.25,0.7055555555555556,0.6944444444444443,0,0,1,1,0.5
0.3089556823322235,0.33662088496680925,0.4370190995892291,0.6666666666666666,0.5,0.047619047619047616,0.02978723404255309,0,0,0,0,0.5
-0.02055563665065876,0.2314793926580621,0.5865268029956165,0.3333333333333333,0,0.25,0.07407407407407407,0.21176470588235294,0,0,0,0.5
0.1637239208297207,0.12513132398039364,0.7600857020441204,0.3333333333333333,0.5,0.012820512820512794,0.053497942386831206,0,0,0,0,0.5
0.04177565383908194,0.2568559166407903,0.5484321141358856,0.6666666666666666,0,0.13809523809523808,0.6666666666666666,0,0,0,1,0.5
0.21445671981913902,0.1934116560770414,0.6460716911240445,0,0.5,0.9751984126984127,0.6857142857142858,0,0,0,1,0.5
0.3940349246000242,0.16063369866801286,0.7042819010413576,0,0.75,0.8202380952380952,0.5577689243027888,1,0,1,0,0.5
0.2520328224337567,0.16393827209382947,0.6941502994108075,0.6666666666666666,0.5,0.6963906581740976,0.615686274509804,1,0,1,1,0.5
-0.021173831612853283,0.31204845093219963,0.4731067834742043,0.3333333333333333,0.25,0,0.004464285714285698,1,1,1,0,0.5
0.06618380551988702,0.2756995581823955,0.5209719356918328,0.6666666666666666,0,0.5168195718654434,0.4739130434782609,0,0.5,1,0,0.5
-0.07169748429562967,0.25375067218879693,0.5566873788769575,0.6666666666666666,0.25,0.2222222222222221,0.05999999999999993,0,0,1,0,0.5
-0.13754670683261233,0.053645978508895374,0.8952632003224791,0.6666666666666666,0.25,0.6989664082687339,0.5837104072398189,0.8666666666666667,0,0,0,0.5
0.14445750216265807,0.30801773633046414,0.4755177741432188,0,0,0.6641604010025063,0.5990990990990991,0.8705882352941177,1,0,1,0.5
0.13251679826195675,0.25691882117156095,0.5519706582792142,0.3333333333333333,0.25,0.020833333333333554,0.06374501992031872,0,0,0,1,0.5
0.08911738330286655,0.215574047803281,0.6110556101792842,0.3333333333333333,0,0.24242424242424246,0.2244897959183674,1,0,1,0,0.5
0.007273174329880858,0.3579766368257624,0.4120454604835908,0,0.25,0.4408099688473521,0.4514767932489452,0,0,0,0,0.5
-0.2782346768342003,-0.034425412889878104,1.06965033629732,0,0.25,0.9874759152215801,0.7361702127659574,0,0,0,0,0.5
-0.17431615470296996,0.03724368123483175,0.9204698843530857,0.6666666666666666,0,0.9178743961352657,0.29741379310344834,1,0,1,1,0.5
0.13944672523006657,0.3603737036628604,0.40628374684701324,0.6666666666666666,0,0.003968253968253954,0.16799999999999998,1,0,1,0,0.5
-0.08373633233465944,0.30830707474068414,0.47512020096912816,0,0,0.8111111111111111,0.4958677685950413,1,0,1,0,0.5
-0.2597053918717669,-0.09706010665197803,1.2031071691828863,0,0.25,0.6488095238095237,0.5,0,0,1,0,0.5
0.26140078233068603,0.08675138660341934,0.8337224810311841,0.3333333333333333,0.75,0.24509803921568626,0.2394366197183099,1,0,1,1,0.5
-0.14750217357097498,0.310185829186706,0.47254269327738896,0.6666666666666666,0,0.24999999999999942,0.02816901408450714,1,0,1,0,0.5
-0.02254603390162415,0.13962573069977663,0.7351088581376692,0.6666666666666666,0,0.12416666666666666,0.7874015748031495,0.996078431372549,0,1,0,0.5
0.10923976164547948,0.2395091359441864,0.578137941211705,0.6666666666666666,0.25,0.4326241134751773,0.38524590163934425,0,0,0,1,0.5
0.22207373834372574,-0.04045511828335819,1.0821567461879245,0.3333333333333333,0.75,0.02380952380952406,0.06008583690987128,0,0,1,0,0.5
0.03490025182662006,0.20192348994894982,0.6325077995958105,0,0,0.25000000000000006,0.13333333333333333,1,1,1,1,0.5
-0.2830605785537344,-0.0009328354097810036,1.0015055080137156,0,0.25,0.7013487475915222,0.6811023622047244,1,0,1,0,0.5
0.07785114498241662,0.35516747275205246,0.41565914712014723,0,0.25,0.8159041394335512,0.6455696202531647,1,0,0,0,0.5
0.031181921268036997,0.18695767579868997,0.6564522432658586,0,0,0.7971014492753623,0.592274678111588,1,0,1,0,0.5
0.15683919484762374,0.2895108411898488,0.5012931147823796,0.3333333333333333,0,0.8356973995271867,0.592436974789916,0,1,0.5,1,0.5
-0.02022683560164251,-0.06823070403698027,1.1407056237727307,0.6666666666666666,0.25,0.9573170731707317,0.7627906976744185,0,0,0,0,0.5
0.39905477332387423,0.2379129508980556,0.5805673815186719,0,0.75,0,0.034482758620689655,1,0.5,1,0,0.5
0.20116418914652126,0.0447946818924703,0.9060878191661275,0.3333333333333333,0.5,0.9248366013071896,0.42677824267782427,0,0,0,0,0.5
-0.13957080010984452,0.16266462387559968,0.7008778724581805,0.3333333333333333,0.25,0.20833333333333334,0.14285714285714285,0,0,0,0,0.5
0.17156255694832503,-0.09083996035434534,1.1816773371174774,0,0.5,0.12836438923395443,0.6736401673640167,0,0,0,0,0.5
-0.2460196571283995,0.14792308053541797,0.7257734424223837,0.6666666666666666,0.25,0.9207317073170731,0.32156862745098036,0,0,0,1,0.5
0.2347101597108402,0.06500967483708019,0.8681425899566034,0.3333333333333333,0.5,0.14471057884231536,0.6958333333333333,1,0,1,0,0.5
0.47614119735056654,0.41619698478462674,0.3407031404085885,0,0.75,0.2608695652173913,0.323943661971831,0,0,0,1,0.5
-0.17281964844952824,0.08060257878223849,0.8449870085497468,0.3333333333333333,0.25,0,0.03167420814479639,0,0,0,0,0.5
0.12862879723205245,0.1863445113640624,0.6574427573790594,0.3333333333333333,0,0.2196969696969697,0.27848101265822783,0,0,0,0,0.5
0.22173692494547545,0.20161048551512833,0.6330040341459985,0,0.5,0.962162162162162,0.8564814814814815,0,0,0,1,0.5
-0.11530042930561735,0.1250319210314745,0.7652932584429841,0.6666666666666666,0.25,0.4,0.2620967741935484,1,0,0,0,0.5
0.5719152555202615,0.40979156192482186,0.34592954613830484,0.6666666666666666,1,0.9545454545454547,0.05045871559633023,0,0,0,0,0.5
0.4427203881375467,0.2733610710737292,0.5278138612714672,0.3333333333333333,0.75,0,0.01612903225806446,0,0,0,1,0.5
0.37029721869245447,0.2549502964758546,0.5512483735434396,0.6666666666666666,1,0.675990675990676,0.6111111111111112,0.9176470588235294,0,1,0,0.5
0.3316346376028397,0.18179170877423803,0.6692235592511829,0.3333333333333333,0.75,0.5,0.46261682242990654,1,0,1,0,0.5
0.1831967745996193,-0.07939462591511108,1.1570105834633424,0,0.5,0.9791666666666666,0.06751054852320675,0,1,0,0,0.5
0.34096582135668235,0.026514380444451584,0.9473327472466818,0,0.75,0.9695340501792116,0.7469879518072289,1,0,0,0,0.5
0.04252071784852613,-0.032068181633140326,1.0647808883930363,0,0.25,0.7166666666666667,0.5106382978723404,0,0,0,0,0.5
0.2202449520531721,-0.029331823730288312,1.0521741521495538,0.3333333333333333,1,0.9508196721311476,0.4784313725490196,1,0.5,1,0,0.5
-0.23575485789317727,0.006284783802768338,0.9806199142641226,0.3333333333333333,0,0.8468137254901962,0.5439999999999999,1,0,1,1,0.5
0.353989610688878,0.21120419100744953,0.6178826742501684,0.6666666666666666,1,0.4226190476190476,0.37499999999999994,0,0,0,1,0.5
0.1774593330356888,0.2634541549582206,0.5423042864314266,0.3333333333333333,0.25,0.20833333333333318,0.09876543209876544,1,0,0,1,0.5
0.03445063891596018,0.386752295138941,0.37593722580653954,0,0.25,0.7214285714285714,0.5809128630705395,0,0,0,1,0.5
0.36326388759507205,0.17499568446036698,0.6803868478227448,0.6666666666666666,0.75,0.7952069716775598,0.6322314049586777,1,1,1,0,0.5
0.3041805064846737,0.12155478325428853,0.7713879209860062,0,0.75,0.07882882882882881,0.5943775100401606,1,0,1,0,0.5
0.09537098141540071,0.4191465556272964,0.3372691415968083,0.3333333333333333,0.25,0.22727272727272727,0.19298245614035092,0,0,0,0,0.5
0.3408718440137675,0.35647189449656624,0.41397918710524473,0.3333333333333333,0.75,0.6977401129943503,0.5291479820627802,0,0.5,0,0,0.5
-0.2309124174310639,0.04887237078522923,0.898368310293252,0.6666666666666666,0,0.6818181818181818,0.5084033613445379,1,0,1,0,0.5
0.4708349293617034,0.3205840748673618,0.4614396548195777,0.3333333333333333,0.75,0.0555555555555566,0.01578947368421062,1,1,0,0,0.5
0.37044779337881983,0.23703030278266654,0.5780846100040593,0.6666666666666666,1,0.03030303030303022,0.045454545454545414,0,0,1,0,0.5
0.3833569147718555,0.20007148290802856,0.6354467861777544,0.6666666666666666,1,0.00694444444444442,0.09411764705882353,1,0,0,1,0.5
0.1581401963555778,-0.08775080931565911,1.1749940267358938,0.6666666666666666,0.5,0.9772727272727274,0.09090909090909083,0,0,1,0,0.5
0.29120638296173856,0.18561572611537752,0.6586210181264942,0.6666666666666666,1,0.6706114398422091,0.6814516129032258,1,1,0,1,0.5
-0.08435854727437107,0.33872892483674366,0.434246054984212,0.3333333333333333,0,0.6918238993710691,0.6437246963562753,1,0,0,1,0.5
0.28380197463242607,0.18967094757521313,0.6563965486367326,0.3333333333333333,0.75,0,0.016194331983805724,0,1,1,1,0.5
-0.07904874497990269,-0.01102801918227254,1.0150868736365835,0.6666666666666666,0,0.9638095238095239,0.7709251101321587,0,0,0,1,0.5
-0.13421483890494545,0.25497679262101347,0.5548595580631703,0.3333333333333333,0.25,0.2083333333333333,0.24,0,0,0,0,0.5
0.18592817261297487,-0.01929886386490329,1.0317629033007445,0.6666666666666666,0.5,0,0.05701754385964917,0,0,0,0,0.5
-0.18922642230046738,0.21381171265539475,0.613804357771974,0,0,0.21428571428571427,0.12727272727272732,0,0,0,0,0.5
0.1281349790175445,0.17231467316727692,0.6803107614235995,0.6666666666666666,0,0.9641472868217054,0.7782805429864253,1,0,0,1,0.5
-0.08744154010187599,-0.11505480198528767,1.2347221902340395,0.3333333333333333,0,0.47311827956989255,0.29523809523809513,1,0,0,0,0.5
0.21580519053357755,0.27775764865414626,0.5180154718177702,0.3333333333333333,0.5,0.24999999999999997,0.21621621621621628,0,0,0,0,0.5
0.14288152235612442,0.43215094410895694,0.32233635115913223,0.3333333333333333,0.25,0.9318181818181818,0.38095238095238093,1,0,1,1,0.5
0.09396168067148675,0.07009980752278058,0.8587158989301042,0.3333333333333333,0,0.012437810945273612,0.8445378151260504,0,0,0,1,0.5
0.07773616308139529,0.2842677796200737,0.5120880085471722,0.6666666666666666,0.25,0.9818840579710144,0.773109243697479,0,0,1,1,0.5
0.3427416506960505,0.1521615851023525,0.7185709399463263,0,0.75,0,0,0,0,1,0,0.5
0.3344230354593931,0.3948272467555885,0.3636935186822371,0.3333333333333333,0.5,0.8031400966183575,0.6160714285714285,0,0,0,1,0.5
0.5555736906355464,0.3790844635549568,0.3853971714696831,0.6666666666666666,0.75,0.2166666666666666,0.18518518518518517,0,0,0,0,0.5
0.13011123623883142,-0.0028244987811044397,0.9986807963373411,0.6666666666666666,0.5,0.8206896551724139,0.6170212765957447,1,1,1,0,0.5
0.17135975471459244,0.18536254231386845,0.6633950400103813,0.3333333333333333,0.25,0.15968586387434552,0.7519685039370079,0,0,0,0,0.5
-0.09642636738754365,0.20058514847980088,0.634630957437189,0.3333333333333333,0,0.9823091247672254,0.7276422764227641,1,0,1,1,0.5
0.15120012813294462,0.09310268044954391,0.8167573759905047,0.3333333333333333,0.5,0.5612244897959183,0.6024590163934427,0,0,0,1,0.5
0.4352563474265123,0.27016923639723,0.5324609964943353,0,0.75,0.2222222222222222,0.10169491525423728,0,0,1,0,0.5
-0.16333555667363375,0.12344823519508082,0.7630130494707749,0.3333333333333333,0,0,0.004999999999999982,0,0,0.5,0,0.5
0.2362394753265372,0.14074753914458832,0.733193148337934,0,0.5,0.9152380952380952,0.8333333333333334,1,0.5,1,0,0.5
0.18961156484229738,-0.04826343254446275,1.091233527681182,0,0.5,0.023809523809523947,0.08786610878661093,0,0,0,1,0.5
0.002777477059385881,0.2613189239950091,0.5418645942670182,0.3333333333333333,0,0,0.004115226337448545,0,0,0,1,0.5
0.10765080579459668,0.13900988846436346,0.7361615932561583,0.3333333333333333,0,0.1623488773747841,0.7813765182186234,1,0,1,0,0.5
-0.02197153720735298,-0.06607651970079972,1.136109589408412,0.6666666666666666,0.25,0.0081967213114754,0.7439024390243902,0,0,0,1,0.5
0.5312260578872692,0.4124547411714471,0.34508503137689434,0.6666666666666666,0.75,0.011904761904761862,0.056680161943319866,1,0,1,1,0.5
0.13466315556320924,0.22682268779018655,0.5936562333213129,0,0,0,0.012145748987854208,0.9686274509803922,0,0,1,0.5
0.3274755513795626,0.18901235501227348,0.6574639509676674,0,0.75,0.2222222222222221,0.046874999999999944,0,0,0,1,0.5
0.3842016679148549,0.225704754315154,0.5953742039931523,0.3333333333333333,1,0.4313725490196078,0.35864978902953587,1,0,1,1,0.5
-0.2843056513659475,0.12673505885282735,0.7573016072005019,0,0,0.47849462365591394,0.6391752577319587,0.7607843137254902,0,1,0,0.5
-0.20536448430028323,0.3353080029180816,0.43875060506350344,0.3333333333333333,0,0.16666666666666666,0.004651162790697658,0,0,0,1,0.5
0.5145181740254935,0.32538897377335285,0.4549360366933425,0.6666666666666666,0.75,0.9234234234234233,0.46443514644351463,0,0,0,0,0.5
0.09688355910342879,-0.04493777315973751,1.0915014741184539,0.3333333333333333,0.25,0.4384057971014492,0.19574468085106375,0,0,0,0,0.5
-0.06998260288895111,0.3404656190245821,0.43482884812117223,0,0.25,0.25000000000000006,0.24561403508771928,1,0,0,0,0.5
-0.07186057319022415,0.22614017950861923,0.5986432167180616,0,0.25,0.8148148148148149,0.6377952755905512,0,0.5,0,1,0.5
-0.10170831567315052,-0.06853014456586208,1.1338363758298935,0,0,0.710594315245478,0.524390243902439,0,0,0,1,0.5
-0.16338216785215584,0.11618403791717417,0.780849166308127,0.6666666666666666,0.25,0.4421052631578947,0.3861788617886179,0,0,1,1,0.5
0.12103067632741028,-0.10657221933863369,1.2160077829274232,0,0.5,0.4933333333333333,0.35885167464114825,0,0.5,1,0,0.5
-0.1695429602530546,0.31397695453570335,0.4673629047949621,0.6666666666666666,0,0.8093525179856116,0.5673469387755102,1,1,0,1,0.5
0.16698958191514524,0.12327522348057764,0.763314282618909,0.6666666666666666,0.5,0.9382716049382716,0.3333333333333333,0,0.5,1,0,0.5
0.2210267852552592,0.3875004369920494,0.3725532831506295,0.3333333333333333,0,0.9427083333333334,0.7441860465116279,0.8431372549019608,0,1,1,0.5
0.29650368750561285,-0.0468865053960161,1.088368671004708,0.3333333333333333,1,0.6955128205128206,0.6554621848739496,1,0,1,0,0.5
-0.1289539030335092,0.020045846467462197,0.9536485321236027,0.6666666666666666,0,0.9396551724137931,0.46215139442231074,0,1,1,0,0.5
-0.2694946890035881,-0.006051573916236955,1.011775034327309,0.6666666666666666,0.25,0.7979002624671915,0.5,1,0,0,0,0.5
-0.020949610690791567,0.03063435883011022,0.9331513165092146,0.3333333333333333,0,0.7724867724867726,0.5550660792951542,0.8901960784313725,0,0,0,0.5
0.14104302514785608,0.2767077722780085,0.5195225767015462,0.6666666666666666,0,0.721868365180467,0.6680851063829787,0.9215686274509803,0,1,1,0.5
-0.1440850895573217,-0.11648291580381671,1.2378869728314594,0,0,0.6706349206349206,0.6666666666666667,0.9882352941176471,0,0,1,0.5
-0.20326709892533262,0.14105001757834382,0.7326770344132206,0.3333333333333333,0,0.9764397905759161,0.7795918367346939,1,1,1,1,0.5
0.07978612103873967,-0.10465588102586576,1.2198248804884606,0.6666666666666666,0.25,0.4322033898305085,0.24894514767932496,0,0,0,1,0.5
-0.03145883411341865,0.11739046182840823,0.7787188762960213,0,0.25,0.9371069182389937,0.6883116883116883,0,0,0,1,0.5
0.14215330391877948,0.232020553914101,0.5857010767203141,0.6666666666666666,0,0.8489208633093526,0.5650406504065041,0,0,0,1,0.5
-0.311747570977847,0.03645837535428998,0.9280778993753719,0.6666666666666666,0.25,0.1264044943820225,0.7177419354838709,0,0,1,0,0.5
0.21847265639336555,-0.02188435651614654,1.037003758080426,0,1,0.9494949494949495,0.43421052631578955,1,1,1,1,0.5
0.3356391554372172,0.07322232529944497,0.8586073387347826,0.3333333333333333,0.75,0.9492753623188406,0.30530973451327426,0,0,0,1,0.5
0.16412685314624662,-0.11398839613888163,1.232361615083576,0.3333333333333333,0.5,0.9122023809523808,0.4444444444444444,0,1,0,1,0.5
0.19444691744485768,0.07098399263893176,0.857083674624195,0,0.5,0.5062893081761006,0.45493562231759654,0,1,0,1,0.5
0.4473658465681945,0.20722744274985935,0.6241285436352585,0,1,0.7214111922141119,0.5569105691056911,0,0,1,0,0.5
0.11218623368802139,0.10712776567407667,0.791690556229633,0,0,0.532258064516129,0.5210084033613446,0,0,0.5,0,0.5
-0.05998799382687323,-0.06716066420949798,1.130931878280275,0.6666666666666666,0,0.9901960784313726,0.06882591093117407,1,0,1,0,0.5
0.04645191947430202,-0.054771649026162016,1.1048255893522174,0.3333333333333333,0,0,0.05188679245283027,1,0,1,0.5,0.5
-0.14331492164312135,0.08720102038594534,0.8274221076129998,0.6666666666666666,0,0.49035812672176304,0.4898785425101214,0,1,0,1,0.5
-0.1020138567204296,0.031099741225408387,0.9384294167826764,0.6666666666666666,0.25,0.9912280701754387,0.08189655172413789,0,0,0,0,0.5
-0.029789171852609514,0.06678018408896605,0.8648578518080965,0.3333333333333333,0,0.9005376344086021,0.25000000000000006,0,0,1,1,0.5
0.07447202814053279,0.1509411008612185,0.7159001693334335,0,0.5,0.9848484848484849,0.09909909909909913,0,0,1,0,0.5
-0.06739981805836565,0.17123764431947844,0.6865995297454903,0.6666666666666666,0.25,0.6810897435897436,0.4663677130044843,0.8745098039215686,0,1,0,0.5
0.33858816433561795,0.24491820757398847,0.5661934289721521,0.6666666666666666,1,0.16666666666666666,0.027397260273972508,0,1,0,0,0.5
-0.11745644975588464,0.053615097891061475,0.8953216282071542,0,0.25,0.1082474226804124,0.8049792531120332,0,0,0,0,0.5
-0.044465625084273,0.05725143827011227,0.8826094755537207,0.3333333333333333,0,0.10837887067395263,0.8061674008810572,0,0,1,1,0.5
0.17978571249509648,0.19883227682447438,0.63741711088432,0.3333333333333333,1,0.20370370370370372,0.1551724137931034,1,0,1,0,0.5
0.15835460864412818,0.10750192095088684,0.7910271844194031,0.3333333333333333,1,0.8175853018372704,0.5204918032786886,0,0,0,0,0.5
-0.027831583651892575,0.30532612924190905,0.48239788697106895,0.3333333333333333,0.25,0.9217171717171717,0.27731092436974786,0,0,0.5,0,0.5
0.027143510503355346,0.21708678076956173,0.6127322248425806,0,0.25,0.7016460905349795,0.6352941176470588,0,0,0,0.5,0.5
-0.15346324587793794,0.027928218174885475,0.9445830360300149,0.6666666666666666,0.25,0.7049382716049383,0.5510204081632653,0,1,0,0,0.5
0.13615641239168097,0.2235271125739114,0.5987277952539424,0,0.5,0.5481481481481482,0.24861878453038677,0.7098039215686275,0,0,0,0.5
0.19649126371467182,0.2227125133055532,0.6039581159494377,0,0.75,0.8244949494949495,0.5196850393700787,0,0,0,1,0.5
-0.08919417483688066,0.11526929983407051,0.7773185354458402,0.6666666666666666,0,0.9895833333333334,0.1807909604519774,0,1,0,1,0.5
0.10722471813164879,0.03316028604681073,0.9282945292788204,0.6666666666666666,1,0.7145214521452145,0.4173553719008264,0,0.5,0.5,0,0.5
-0.1370980009592731,0.14442406749948708,0.7269322678441125,0,0,0.9505813953488372,0.8113207547169812,0.8313725490196079,0,0.5,0.5,0.5
-0.023801075766046863,0.12200901913595742,0.765520698648797,0,0,0.951851851851852,0.37037037037037035,0,0,0.5,0,0.5
0.10187815868477777,-0.006069323446208375,1.0051540860808068,0.6666666666666666,1,0.934065934065934,0.36991869918699194,0,0,1,0,0.5
-0.062373735884792766,0.05613119291463063,0.8847082888604576,0.3333333333333333,0,0.12868217054263567,0.8669354838709677,0.9725490196078431,0,1,0,0.5
0.03030161105433546,0.00222924908276015,0.9886404282961584,0.6666666666666666,0.5,0.9591836734693877,0.4000000000000001,0,0,0,0,0.5
-0.03823873070718925,0.3114038473557068,0.47087541108241354,0.3333333333333333,0,0.009259259259259486,0.07346938775510213,0,0.5,1,0,0.5
-0.027505259109863886,0.012885177995542303,0.9676363504938463,0.3333333333333333,0.5,0.7341597796143251,0.521551724137931,0,0,0,0.5,0.5
-0.10974633829023239,0.08080257915289961,0.8446194214114238,0,0.25,0.19047619047619055,0.2000000000000001,0.13725490196078433,0,1,0.5,0.5
-0.12350823849085088,0.12165948959983042,0.7661303298658707,0,0,0.7133838383838383,0.5641025641025641,0.9176470588235294,1,0,1,0.5
0.12175716999775588,0.11734427940600284,0.7736766844914984,0.6666666666666666,1,0.9235294117647058,0.3413654618473895,0,0,0,0.5,0.5
0.11526689834964743,0.1791681040075257,0.6690911361530281,0,0.5,0,0.028301886792452862,0.8313725490196079,0,1,0,0.5
-0.024240103724874517,0.07912876260847436,0.8476982488871239,0,0.25,0.5,0.27199999999999996,0.9803921568627451,0,0.5,0,0.5
0.018697155804771153,0.26993184363599154,0.5328074410401886,0.3333333333333333,0.25,0.16666666666666666,0.21428571428571427,0,0,0,0,0.5
0.1798774359216731,0.30634616475741483,0.4778178967933871,0.3333333333333333,0.5,0.9791666666666666,0.036036036036036036,0.8705882352941177,0,0,0.5,0.5
0.0183166799242496,0.20161349960797081,0.6371913027455258,0,0.25,0.5368731563421829,0.4484126984126985,0.9882352941176471,0,0.5,0,0.5
-0.15339933810578288,0.20687167423918976,0.6246888433163477,0.6666666666666666,0,0.21428571428571416,0.10769230769230764,1,0.5,1,1,0.5
0.029274924396306728,0.07455377725688779,0.8505095666163779,0.6666666666666666,0.5,0.016666666666666757,0.1204819277108434,1,1,1,0.5,0.5
0.13908558306418242,0.31166926666956407,0.4705124832868161,0,0.5,0.08333333333333333,0.009216589861751119,0,0,0,0.5,0.5
0.24974558792380838,0.16385838949422996,0.6988808530740228,0.3333333333333333,0.75,0.04901960784313738,0.08717948717948716,1,1,0,0,0.5
-0.16442140000053282,0.025156115888271456,0.9437282843291374,0.6666666666666666,0,0.5015151515151516,0.5092592592592592,0,1,0.5,0,0.5
-0.03411871138953647,0.10126299794415806,0.8074371256395064,0.3333333333333333,0.25,0,0.03463203463203463,0,0,0.5,1,0.5
-0.14538826668745625,0.18291609804849032,0.6629948226555312,0.3333333333333333,0,0.15842490842490844,0.8088888888888888,1,1,1,0.5,0.5
0.23213820250363806,0.17874828773281312,0.6697757274362514,0.3333333333333333,1,0.923497267759563,0.7887931034482759,0.9098039215686274,0,0,0,0.5
0.021343829289068254,0.16491368836422246,0.6925315420808279,0,0,0,0.02542372881355935,1,1,0.5,0,0.5
0.21974909938227438,0.08832501681145676,0.8253856309922964,0.6666666666666666,1,0.5598705501618123,0.46396396396396394,0,0,0,0,0.5
0.2310771312158189,0.10289970198730324,0.7992061745375798,0.3333333333333333,1,0.14056224899598393,0.694560669456067,0,0,0,0,0.5
-0.18773735692969887,0.002253165371041511,0.9885930339902204,0.6666666666666666,0,0.9396135265700483,0.27272727272727276,0.9921568627450981,0,0,0.5,0.5
-0.14641881501964257,0.23258429575307352,0.5887146372281847,0.3333333333333333,0.25,0.21794871794871795,0.14285714285714282,0,0,1,1,0.5
0.2967407152847112,0.2391421955767986,0.5786959842819462,0.6666666666666666,0.75,0.031746031746031834,0.1147540983606558,0,0,0,0,0.5
0.1203211854736173,0.07493207694437738,0.8554422836494104,0,0.75,0.031746031746031834,0.10552763819095483,0.7803921568627451,1,1,0,0.5
0.002144623336468867,0.17918928108170112,0.6734874506204391,0.3333333333333333,0.25,0,0.045081967213114825,0,0,0,0,0.5
-0.15663372672981654,0.16119890154865532,0.7033337377964209,0.3333333333333333,0.25,0.5738636363636364,0.38596491228070173,0,1,0,0,0.5
-0.14473034445394456,0.009717237275365475,0.9803065591765081,0,0.25,0.9047619047619048,0.2991452991452991,0,0,0,0,0.5
-0.11324942222397935,0.05363262066861881,0.895288473881767,0.6666666666666666,0.25,0.9369369369369369,0.3363636363636364,0,0,0,0.5,0.5
0.2502007422787568,0.11333701204124728,0.7858879492594688,0.6666666666666666,0.75,0.9460784313725491,0.5354330708661417,0,1,1,0.5,0.5
0.18850798820055042,0.3041435590079693,0.4808572093207083,0.6666666666666666,0.5,0.25000000000000033,0.057142857142857134,0.13725490196078433,1,0.5,0,0.5
-0.12900767282437475,0.0043925300409728705,0.9843581048655716,0.6666666666666666,0,0.0967741935483871,0.6567796610169492,0,0,0,0.5,0.5
0.13018912861739948,0.18669869344269094,0.6568705157726835,0.6666666666666666,0.5,0.08566978193146417,0.9106382978723404,0,1,0,0.5,0.5
0.1356505913763338,0.2624481171718314,0.5402092056246846,0.6666666666666666,0.5,0.9682539682539683,0.0886075949367089,0,0,1,0,0.5
0.13937288534149053,0.3198551264213201,0.45938804249884835,0.3333333333333333,0.5,0.1675213675213675,0.8091286307053942,0,1,0,1,0.5
0.08765952287768836,0.09271046480837929,0.8174639924563846,0.6666666666666666,0.5,0.20833333333333348,0.10256410256410256,0,0,0,0.5,0.5
0.191475770876311,0.16135965987727185,0.6984387501040256,0.3333333333333333,1,0.9166666666666666,0.19459459459459452,0,0,0.5,0,0.5
0.10610943416613133,0.0791384566949261,0.8421035566580908,0.6666666666666666,1,0.25,0.12903225806451613,0,0,0,0.5,0.5
-0.01465993870539319,0.222156635922587,0.6048222664990726,0.6666666666666666,0.25,0.43421052631578944,0.3052208835341365,0.9764705882352941,0.5,0.5,0.5,0.5
0.39106793865878137,0.30776896215945027,0.4790111308994443,0.3333333333333333,0.75,0.23148148148148154,0.2142857142857142,0,0,0,0.5,0.5
-0.0252456857738189,0.272213394233833,0.5294824702556895,0.6666666666666666,0.25,0.9583333333333337,0.01801801801801808,0.8705882352941177,0,1,0,0.5
-0.11556735732279093,0.12072504105610789,0.7728458500191433,0.6666666666666666,0.25,0.8345070422535212,0.5657370517928287,1,0,0,1,0.5
0.1639003439464847,0.026718775283489683,0.9407051461366885,0.3333333333333333,1,0.7067510548523206,0.6448979591836734,0,0,0.5,1,0.5
-0.11361479570645154,-0.0026964537329349295,0.9984257806951531,0,0,0.24358974358974364,0.24074074074074067,0.21176470588235294,0,0,1,0.5
0.13697684618137684,0.09940084534208268,0.8107865567084397,0.3333333333333333,0.75,0.007575757575757551,0.11000000000000004,0.7843137254901961,0.5,1,0,0.5
0.04086630308586063,0.27885358788517817,0.5164445787535249,0.3333333333333333,0,0.16666666666666666,0.02631578947368412,0.14901960784313725,0,1,0,0.5
0.18231216454038807,0.04041189740008809,0.9204775034705237,0.6666666666666666,0.75,0.12386156648451731,0.7754237288135593,1,0,1,0,0.5
-0.10095020290064714,0.12425953952844919,0.7616012690378938,0,0,0,0,0,0,1,0,0.5
0.2533907938926619,0.0961393651028592,0.8166696458581699,0,0.75,0.967391304347826,0.7419354838709677,1,0,0.5,0,0.5
0.06829231398463943,0.23880892198529738,0.5753925137349339,0.3333333333333333,0,0.9689922480620154,0.6991869918699187,0,0,0,0.5,0.5
0.24683541029311026,0.3044505661291665,0.48043300107049025,0,1,0.2222222222222222,0.1685393258426965,0,0,0,0,0.5
0.13256274002526652,0.001932443735804859,0.9892286945060317,0,1,0.3333333333333333,0.017241379310344765,0,1,1,0,0.5
0.01610896993422628,0.14895488224444478,0.7240167914492766,0.3333333333333333,0.25,0.8522012578616351,0.6883116883116883,0,1,0,0,0.5
0.21742324522093984,0.2893250085709492,0.5048769402198191,0.6666666666666666,0.75,0.46090534979423875,0.3389121338912134,0,0,0,0.5,0.5
0.055470257471828405,0.020804882532771483,0.9521717828453965,0.3333333333333333,0.5,0.20833333333333334,0.12698412698412698,0,1,1,0,0.5
0.2017750235839033,0.32377050870433305,0.4541141585000555,0.6666666666666666,0.5,0.21428571428571427,0.17073170731707324,0,0,0,0,0.5
-0.11445519742220213,-0.0013835342955970944,1.0024076245663562,0.6666666666666666,0.25,0.8385826771653544,0.522633744855967,0,1,1,0,0.5
0.1673486757374533,0.0894634585491284,0.8287780269053087,0,0.75,0.7286036036036035,0.646288209606987,0.8980392156862745,0,0.5,0.5,0.5
0.007454572427589838,0.25159760489369315,0.5562207239949949,0.3333333333333333,0,0.673015873015873,0.49295774647887325,0.8352941176470589,0,1,0.5,0.5
-0.10966393926237362,0.05800289305237702,0.881202999199374,0,0,0.10301507537688442,0.8223140495867768,0,0,0.5,0,0.5
-0.18544533796040166,0.06218273391081155,0.8734001800441642,0.3333333333333333,0,0.8575268817204302,0.5166666666666667,0,0,0.5,0,0.5
0.0037752175367444614,0.19221012510710658,0.6479979607981773,0.3333333333333333,0,0.7015873015873016,0.4375,1,0,1,0,0.5
0.3347481956205737,0.1914319976350519,0.6535466172540467,0.3333333333333333,0.75,0.03086419753086424,0.10975609756097568,0,0,0,0.5,0.5
0.031869769734226304,0.08967062588573374,0.8229509327228485,0,0.5,0.9717514124293786,0.7797356828193833,1,0,1,0,0.5
-0.04216904184709412,-0.008872386326527646,1.0107629145159935,0.6666666666666666,0.5,0.732758620689655,0.5370370370370371,0,0,0,0.5,0.5
0.15181965340211995,0.1091037879699584,0.7934100440110589,0.6666666666666666,0.75,0.01851851851851845,0.03599999999999998,0.9803921568627451,0,0,0,0.5
-0.06746518852695202,0.0008182403081517385,0.9980044180220153,0.3333333333333333,0.25,0.7380952380952381,0.7000000000000001,0,1,0.5,1,0.5
0.0701677611974509,0.1585246465166638,0.7031688588685512,0.6666666666666666,0.5,0.7003745318352059,0.7177419354838709,0,0,0,0.5,0.5
0.3295278399283363,0.20198810443628223,0.6324053845710617,0.3333333333333333,1,0.9467353951890034,0.40082644628099173,0,1,0.5,0,0.5
0.05153030596926379,0.032468984833020464,0.9296224858119494,0.3333333333333333,0.5,0.670995670995671,0.7000000000000001,0.8627450980392157,0,0,0,0.5
-0.07863163725588088,0.08411895094352745,0.8330191290483882,0.6666666666666666,0,0.9916666666666667,0.16129032258064516,0.9725490196078431,0.5,0.5,0.5,0.5
-0.17346752432857396,0.032590905919378695,0.9355431011277948,0,0.25,0.013888888888888968,0.14117647058823535,1,0,1,0,0.5
0.21093685720628685,0.22172371909800667,0.6054956941103449,0,0.75,0.9682539682539683,0.7529880478087649,1,0,1,1,0.5
-0.07683629015750622,0.08072161850032786,0.8392105263694734,0.6666666666666666,0,0.9502923976608187,0.6812749003984063,0.984313725490196,0.5,0,0,0.5
-0.059964587188353805,0.20099495491899047,0.6339804586613929,0,0,0.7188755020080322,0.6561264822134387,0,0,0,0,0.5
0.020619904777025615,0.13444684969338527,0.7439852259415215,0.6666666666666666,0.5,0.9888888888888889,0.059523809523809534,0,0,0,0.5,0.5
0.08139487759896569,0.14915637609255641,0.7189129817880516,0,0.5,0.5054945054945055,0.4252336448598131,0,1,0,0.5,0.5
0.2011890777687198,0.24626792773776784,0.5641710793846226,0.6666666666666666,1,0.005208333333333315,0.14678899082568808,1,0,0,1,0.5
0.014025603727367771,0.13144208465858964,0.7541209990221077,0.3333333333333333,0.25,0.8333333333333334,0.005181347150259049,1,0,1,0,0.5
-0.012500186002869035,0.2085647239993334,0.6220247083235158,0.3333333333333333,0,0.7125468164794009,0.7265306122448979,0.9607843137254902,0,1,0,0.5
-0.16358996725389832,0.020055769843947666,0.9599446435155198,0,0.25,0.0982704402515723,0.8514056224899598,1,0,1,0,0.5
0.06810190076611312,0.11387549632715745,0.7797696377236103,0.6666666666666666,0.5,0.09929078014184396,0.7550200803212851,1,0.5,1,0,0.5
-0.05942698701194831,0.17870650135230015,0.6742799395656925,0.6666666666666666,0.25,0,0.0039215686274509665,0,0,1,1,0.5
-0.06202562382270708,-0.01291637116750989,1.0188822806302023,0.3333333333333333,0,0.4945054945054946,0.4666666666666666,1,0,0.5,1,0.5
-0.08056650093771076,0.022152208798918376,0.9558417311162012,0.6666666666666666,0.25,0.6830065359477124,0.6144578313253012,1,0,0,1,0.5
-0.05452202891311127,0.2617512298109923,0.5412305380374031,0.3333333333333333,0,0.9416058394160585,0.5372549019607843,0,0,1,1,0.5
-0.005959422494387923,0.12512742862090984,0.7651261956051005,0.6666666666666666,0.25,0.6967213114754099,0.7261904761904763,0,0,0.5,0.5,0.5
0.12820119502545696,0.07067616010326681,0.8633315767699945,0.3333333333333333,0.75,0.9467787114845939,0.9520000000000001,0,0,0,1,0.5
-0.10809752976698872,0.06619412333617057,0.8659444519605987,0.3333333333333333,0,0.7966903073286051,0.6130434782608696,0.9019607843137255,1,0,1,0.5
-0.02415623307252388,0.030893461638836897,0.9326525370936841,0.6666666666666666,0.5,0.678477690288714,0.5141700404858299,0.9686274509803922,1,0.5,1,0.5
-0.1010747365655156,0.15506002400532218,0.7089711202993272,0.6666666666666666,0,0.9916666666666667,0.09523809523809518,0,1,0,0.5,0.5
-0.10319928728022365,0.1183377350852012,0.7719360716357875,0.3333333333333333,0,0.9821428571428572,0.38888888888888884,1,0,0,0.5,0.5
-0.10796784532568583,0.21944418125949447,0.6050409367340697,0,0,0.5176470588235293,0.4545454545454545,0,0,0.5,0,0.5
0.17802891208855456,0.07127728490536442,0.8622150613952625,0.6666666666666666,0.75,0.12981574539363486,0.7959999999999999,0.9803921568627451,0,0,1,0.5
-0.14039214304477174,0.1697040871748492,0.6891428735558247,0.3333333333333333,0.25,0.8106796116504854,0.4221311475409836,0,0.5,0,1,0.5
0.026818071224205365,0.07671598297307511,0.8465399607857084,0.6666666666666666,0.5,0,0.022727272727272773,1,0,1,0,0.5
0.04496659385437904,0.0062666707690662805,0.9806556632657399,0.6666666666666666,0.5,0.13102119460500963,0.729957805907173,1,0,1,1,0.5
0.22285105210030626,0.1153625428408495,0.7771546987029815,0.3333333333333333,1,0.9832535885167464,0.842741935483871,1,0,0,0.5,0.5
-0.054491960246469136,0.173052536182535,0.6790983383367152,0,0,0.6944444444444445,0.5587044534412956,0,0.5,1,0.5,0.5
0.022382350613288478,0.06745734702590779,0.8636031909159195,0.3333333333333333,0.5,0.10169491525423727,0.7629310344827586,0,0,0,0,0.5
-0.1849977155572545,0.027406461739981604,0.9393762770902577,0.6666666666666666,0,0.8576923076923078,0.5855855855855855,0,0,0,0.5,0.5
-0.12837476966392897,0.06173448952735879,0.8800249277215336,0,0.25,0.8025210084033614,0.5288888888888889,0,0,1,0,0.5
0.2698953908729655,0.24812224833301222,0.5613985631981299,0,1,0.8680555555555556,0.502092050209205,0,1,1,0,0.5
0.13467400803458496,0.08533174109108965,0.8363165398828972,0.6666666666666666,0.75,0.2727272727272727,0.21999999999999992,1,0,1,1,0.5
-0.16030736610140878,0.06703431570691143,0.8701113014133113,0.6666666666666666,0.25,0.7287581699346406,0.6401673640167364,0.9372549019607843,0,1,0,0.5
0.10562614685587758,0.19269252752269408,0.6472242386903031,0.6666666666666666,0.5,0.9322344322344321,0.3669354838709677,0,0,0,0.5,0.5
0.23183219145107542,0.04933353448379606,0.897497355854676,0,1,0.9671717171717172,0.7919999999999999,0,0.5,0.5,1,0.5
-0.14544583460118313,-0.013020517886826878,1.0190918116539476,0.6666666666666666,0,0.23333333333333342,0.08928571428571422,0.2196078431372549,1,1,0.5,0.5
0.2896389050885201,0.1693597155357068,0.6897146467579219,0.3333333333333333,0.75,0.23958333333333337,0.20253164556962025,0,0,0,0.5,0.5
0.2624107225255013,0.2512437076188326,0.5604339543946696,0.3333333333333333,0.75,0.8194444444444444,0.5783132530120482,0,0,1,0,0.5
0.3228114086898877,0.17427894204084052,0.6770855560573824,0.6666666666666666,1,0.721774193548387,0.4920634920634921,0,0,0,0,0.5
-0.060477206416684984,0.14887496812328632,0.7241527698619522,0.6666666666666666,0.25,0.2380952380952381,0.14285714285714293,0,0,1,0,0.5
0.3281492091402706,0.31035427325606013,0.4754398369825134,0,0.75,0.9906103286384976,0.6484018264840183,0.8588235294117647,0,0,1,0.5
0.2540539164566669,0.14813271519686447,0.7206438892907785,0,1,0.9908789386401327,0.9178082191780822,0,0.5,0,0,0.5
-0.002354619084331286,0.06409509658463548,0.8698418003905943,0.6666666666666666,0.5,0.018518518518518694,0.07894736842105272,0.8941176470588236,0,1,1,0.5
0.2721640865936424,0.153163788409884,0.7168731434695752,0.3333333333333333,0.75,0.42883895131086136,0.3708333333333333,1,0,1,0,0.5
0.17524485727540512,0.26560109099909884,0.5356003777821903,0.6666666666666666,0.5,0.9687499999999999,0.07881773399014778,0.796078431372549,0,1,0.5,0.5
0.02824807695756051,0.08947038557374157,0.8233130128225881,0.6666666666666666,0.5,0.9425287356321838,0.37339055793991416,0.9137254901960784,1,1,0,0.5
0.17859721348036167,0.09699487599566617,0.8151244095622344,0.3333333333333333,0.75,0,0.08878504672897204,0.8392156862745098,1,0,0,0.5
-0.11664944182726951,0.08036040647739265,0.845432211890832,0,0.25,0.4365079365079365,0.4646017699115044,1,1,0,1,0.5
0.10343000038057802,0.08433910614998606,0.8326187026897635,0,1,0.541095890410959,0.3578431372549021,0,1,0,1,0.5
0.1015796347970479,-0.004327392328963839,1.0016764064466535,0.3333333333333333,1,0,0.06324110671936758,0,1,0,1,0.5
0.10513661014163045,0.06498050190740166,0.8739464126379062,0,0.75,0.8199233716475095,0.7160493827160495,0.9529411764705882,0,1,1,0.5
-0.019693646599963442,0.17909548135909742,0.6692095363275901,0,0,0.9407407407407408,0.5314960629921259,0.996078431372549,0,0,1,0.5
0.037151413518473536,0.10854438371327789,0.7891803797805536,0.3333333333333333,0.5,0.96875,0.4534412955465587,1,0,0,0,0.5
-0.04558349689581238,0.18588962544259244,0.658178068714158,0,0,0.952380952380952,0.029045643153526986,0,0,0,1,0.5
0.06840099111994581,0.27452905407125355,0.5226571273335268,0.3333333333333333,0,0.7793427230046948,0.6666666666666666,0,0,1,1,0.5
0.21069459291210546,0.15045174127919525,0.7214721602040577,0.3333333333333333,0.75,0.8115942028985507,0.6939655172413793,0,0,0,1,0.5
0.1555772812039116,0.3050212991254504,0.479644886075625,0,0.5,0.19999999999999993,0.08333333333333327,1,0,1,0,0.5
-0.03779838668174041,0.2827089686227364,0.5143210159740084,0.3333333333333333,0.25,0.1362530413625304,0.6401869158878506,0,0,0.5,0.5,0.5
-0.020211589947850814,0.196274445563577,0.6414936806336159,0.3333333333333333,0,0.5349206349206349,0.45454545454545453,0,0,0,1,0.5
0.20396324175387015,0.27500758764354083,0.5254245875247177,0,0.75,0.7946009389671361,0.6543778801843319,0.8509803921568627,0,1,0.5,0.5
-0.13389510251511463,0.08780470414065236,0.8318004018391704,0,0.25,0.449404761904762,0.23140495867768596,1,0.5,1,0,0.5
0.14089144583926888,0.2721355679578728,0.5261115349797322,0,0.5,0.16666666666666666,0.23684210526315788,0,0,1,0.5,0.5
-0.06214633654734085,0.2791402740809265,0.5194514872469137,0.3333333333333333,0.25,0.16666666666666666,0.0117647058823529,1,1,1,0.5,0.5
0.1381735114984716,0.2765874937129341,0.519695377191503,0.3333333333333333,0.5,0.12290502793296088,0.7396694214876033,0,0,0,1,0.5
0.08423429486069528,0.11629002507533331,0.7755259652207094,0.6666666666666666,0.5,0.7119341563786007,0.6612244897959183,0,1,0,0,0.5
0.1350426405178787,0.09968791252957887,0.8049390383747984,0.3333333333333333,1,0.4768856447688565,0.5756302521008404,0,0,0,1,0.5
-0.1170253647568836,0.021473746067458967,0.9508714179702146,0,0,0.4191176470588235,0.29437229437229445,0.9058823529411765,1,0,1,0.5
0.021748433246491766,0.2028648056762024,0.6310166182198834,0.3333333333333333,0,0.9771573604060914,0.7817460317460317,0,1,1,0.5,0.5
-0.08483495864458519,-0.0071489302297248454,1.013983436503361,0.6666666666666666,0.25,0.8062015503875969,0.5512820512820513,1,1,0.5,0.5,0.5
0.0429471941690434,0.147368134799112,0.7219380755278545,0,0.5,0.7218225419664268,0.5650406504065041,0,0,0,0,0.5
0.02333431528250703,0.04441003210829827,0.9068177076020549,0,0.5,0.8132387706855791,0.5778688524590164,0,0,1,0.5,0.5
0.38988021920562843,0.262416019104463,0.54383408198042,0.6666666666666666,0.75,0.19047619047619055,0.1228070175438597,0,0,0.5,0,0.5
0.10661076906679154,0.07717943937174229,0.8456903069733774,0.6666666666666666,1,0.2666666666666664,0.07246376811594198,1,0.5,0,0,0.5
0.09606830134649316,0.11159824582321083,0.7837826460932721,0.6666666666666666,0.5,0.9777227722772278,0.9223744292237444,0,0,0,0,0.5
